{
  "total_samples": 152,
  "overall": {
    "avg_f1": 0.4180551592800043,
    "avg_precision": 0.4525924185463659,
    "avg_recall": 0.45163151906572946,
    "avg_accuracy": 0.16447368421052633,
    "avg_bleu": 0.316571750785442
  },
  "by_category": {
    "2": {
      "count": 37,
      "avg_f1": 0.4718002718002718,
      "avg_precision": 0.5131274131274131,
      "avg_recall": 0.4756756756756757,
      "avg_accuracy": 0.16216216216216217,
      "avg_bleu": 0.3332609371747237
    },
    "3": {
      "count": 13,
      "avg_f1": 0.29628768667230204,
      "avg_precision": 0.2833333333333333,
      "avg_recall": 0.3732600732600733,
      "avg_accuracy": 0.07692307692307693,
      "avg_bleu": 0.19149369153227286
    },
    "1": {
      "count": 32,
      "avg_f1": 0.30473710317460323,
      "avg_precision": 0.30078124999999994,
      "avg_recall": 0.3988095238095238,
      "avg_accuracy": 0.0625,
      "avg_bleu": 0.2503953856754597
    },
    "4": {
      "count": 70,
      "avg_f1": 0.4640635275089056,
      "avg_precision": 0.5214285714285714,
      "avg_recall": 0.47762435976721684,
      "avg_accuracy": 0.22857142857142856,
      "avg_bleu": 0.36123115874840184
    }
  }
}