{
  "total_samples": 152,
  "overall": {
    "avg_f1": 0.4110743476939296,
    "avg_precision": 0.44212092731829583,
    "avg_recall": 0.44282826092036626,
    "avg_accuracy": 0.16447368421052633,
    "avg_bleu": 0.31360348238284924
  },
  "by_category": {
    "2": {
      "count": 37,
      "avg_f1": 0.4497574497574498,
      "avg_precision": 0.47979407979407973,
      "avg_recall": 0.4432432432432432,
      "avg_accuracy": 0.16216216216216217,
      "avg_bleu": 0.331994824279566
    },
    "3": {
      "count": 13,
      "avg_f1": 0.2809030712876867,
      "avg_precision": 0.267948717948718,
      "avg_recall": 0.3578754578754579,
      "avg_accuracy": 0.07692307692307693,
      "avg_bleu": 0.1704661210901224
    },
    "1": {
      "count": 32,
      "avg_f1": 0.2888144841269842,
      "avg_precision": 0.26041666666666663,
      "avg_recall": 0.39360119047619047,
      "avg_accuracy": 0.0625,
      "avg_bleu": 0.24688596922961367
    },
    "4": {
      "count": 70,
      "avg_f1": 0.4706924541378323,
      "avg_precision": 0.5376190476190476,
      "avg_recall": 0.4808896658896658,
      "avg_accuracy": 0.22857142857142856,
      "avg_bleu": 0.36096443191899863
    }
  }
}