{
  "total_samples": 1517,
  "overall": {
    "avg_f1": 0.505074158916401,
    "avg_precision": 0.5362586192464237,
    "avg_recall": 0.5299902677272508,
    "avg_accuracy": 0.22544495715227422,
    "avg_bleu": 0.38119799574846236
  },
  "by_category": {
    "2": {
      "count": 313,
      "avg_f1": 0.5309533029980316,
      "avg_precision": 0.5560626806633197,
      "avg_recall": 0.5393237486687967,
      "avg_accuracy": 0.19808306709265175,
      "avg_bleu": 0.40511342457283045
    },
    "3": {
      "count": 94,
      "avg_f1": 0.22399967726086584,
      "avg_precision": 0.2506332320162107,
      "avg_recall": 0.286690242608238,
      "avg_accuracy": 0.07446808510638298,
      "avg_bleu": 0.15598734766630115
    },
    "1": {
      "count": 282,
      "avg_f1": 0.36535099921623093,
      "avg_precision": 0.358810227400653,
      "avg_recall": 0.42705345227247604,
      "avg_accuracy": 0.0425531914893617,
      "avg_bleu": 0.2376794803502593
    },
    "4": {
      "count": 828,
      "avg_f1": 0.5747876374351458,
      "avg_precision": 0.621633693735143,
      "avg_recall": 0.5891412396894858,
      "avg_accuracy": 0.31521739130434784,
      "avg_bleu": 0.44660438830883525
    }
  }
}