{
  "total_samples": 1540,
  "overall": {
    "avg_f1": 0.5133964365894403,
    "avg_precision": 0.5434479746444026,
    "avg_recall": 0.5406529803101253,
    "avg_accuracy": 0.22987012987012986,
    "avg_bleu": 0.38851618864145554
  },
  "by_category": {
    "2": {
      "count": 321,
      "avg_f1": 0.5286195052275319,
      "avg_precision": 0.5555926420412399,
      "avg_recall": 0.5361111111111113,
      "avg_accuracy": 0.19626168224299065,
      "avg_bleu": 0.4018343930080897
    },
    "3": {
      "count": 96,
      "avg_f1": 0.26096661520152903,
      "avg_precision": 0.2848214285714285,
      "avg_recall": 0.32238419588723305,
      "avg_accuracy": 0.11458333333333333,
      "avg_bleu": 0.18059049797708934
    },
    "1": {
      "count": 282,
      "avg_f1": 0.3668263927828899,
      "avg_precision": 0.3586019644264326,
      "avg_recall": 0.4315903357987213,
      "avg_accuracy": 0.04609929078014184,
      "avg_bleu": 0.2399319658362863
    },
    "4": {
      "count": 841,
      "avg_f1": 0.5855479350125823,
      "avg_precision": 0.6303163278787535,
      "avg_recall": 0.603872253876948,
      "avg_accuracy": 0.31747919143876335,
      "avg_bleu": 0.456989997836636
    }
  }
}