{
  "total_samples": 1540,
  "overall": {
    "avg_f1": 0.5132964744207075,
    "avg_precision": 0.5440069057926199,
    "avg_recall": 0.5408993263632189,
    "avg_accuracy": 0.2318181818181818,
    "avg_bleu": 0.38921204526780395
  },
  "by_category": {
    "2": {
      "count": 321,
      "avg_f1": 0.5256974705297962,
      "avg_precision": 0.5511150670029173,
      "avg_recall": 0.5366822429906544,
      "avg_accuracy": 0.19314641744548286,
      "avg_bleu": 0.40138785303512586
    },
    "3": {
      "count": 96,
      "avg_f1": 0.26891224556095245,
      "avg_precision": 0.2990575396825396,
      "avg_recall": 0.3289923974682607,
      "avg_accuracy": 0.125,
      "avg_bleu": 0.19251082831444266
    },
    "1": {
      "count": 282,
      "avg_f1": 0.3635697936108371,
      "avg_precision": 0.35397669706180346,
      "avg_recall": 0.4295701337785192,
      "avg_accuracy": 0.04609929078014184,
      "avg_bleu": 0.23708146243060527
    },
    "4": {
      "count": 841,
      "avg_f1": 0.5866651904824255,
      "avg_precision": 0.6329747277428609,
      "avg_recall": 0.6040284360485878,
      "avg_accuracy": 0.3210463733650416,
      "avg_bleu": 0.4580297704691139
    }
  }
}