{
  "total_samples": 1540,
  "overall": {
    "avg_f1": 0.48790153177026646,
    "avg_precision": 0.5150804988662129,
    "avg_recall": 0.5147757099056167,
    "avg_accuracy": 0.21948051948051947,
    "avg_bleu": 0.3691567063656602
  },
  "by_category": {
    "2": {
      "count": 321,
      "avg_f1": 0.5104663880089939,
      "avg_precision": 0.5327696187509271,
      "avg_recall": 0.521053997923157,
      "avg_accuracy": 0.1806853582554517,
      "avg_bleu": 0.3899792084578218
    },
    "3": {
      "count": 96,
      "avg_f1": 0.24187896634017322,
      "avg_precision": 0.26867559523809514,
      "avg_recall": 0.30337514299071205,
      "avg_accuracy": 0.09375,
      "avg_bleu": 0.15836152146518498
    },
    "1": {
      "count": 282,
      "avg_f1": 0.35723757109143994,
      "avg_precision": 0.34794889114038063,
      "avg_recall": 0.424620913869193,
      "avg_accuracy": 0.0425531914893617,
      "avg_bleu": 0.23364850030683637
    },
    "4": {
      "count": 841,
      "avg_f1": 0.551185817549207,
      "avg_precision": 0.592497593567748,
      "avg_recall": 0.5667409613354296,
      "avg_accuracy": 0.3079667063020214,
      "avg_bleu": 0.43070917805109354
    }
  }
}