{
  "total_samples": 1540,
  "overall": {
    "avg_f1": 0.5140472792473838,
    "avg_precision": 0.5437788600288598,
    "avg_recall": 0.5418496458849671,
    "avg_accuracy": 0.23376623376623376,
    "avg_bleu": 0.3893963361113322
  },
  "by_category": {
    "2": {
      "count": 321,
      "avg_f1": 0.5284441872952044,
      "avg_precision": 0.5501928497255598,
      "avg_recall": 0.5411993769470406,
      "avg_accuracy": 0.19626168224299065,
      "avg_bleu": 0.40580442535072014
    },
    "3": {
      "count": 96,
      "avg_f1": 0.28010081393702085,
      "avg_precision": 0.3087797619047618,
      "avg_recall": 0.3394090641349274,
      "avg_accuracy": 0.13541666666666666,
      "avg_bleu": 0.20263401404811063
    },
    "1": {
      "count": 282,
      "avg_f1": 0.36508132384577163,
      "avg_precision": 0.3555034898120005,
      "avg_recall": 0.4308999210125618,
      "avg_accuracy": 0.04964539007092199,
      "avg_bleu": 0.23518495433362505
    },
    "4": {
      "count": 841,
      "avg_f1": 0.5852076271780634,
      "avg_precision": 0.6312873940697957,
      "avg_recall": 0.6024095205473894,
      "avg_accuracy": 0.3210463733650416,
      "avg_bleu": 0.45616184851744185
    }
  }
}