{
  "total_samples": 1540,
  "overall": {
    "avg_f1": 0.5034897802063446,
    "avg_precision": 0.5342020717377857,
    "avg_recall": 0.5298311304898282,
    "avg_accuracy": 0.22337662337662337,
    "avg_bleu": 0.3792484133060083
  },
  "by_category": {
    "2": {
      "count": 321,
      "avg_f1": 0.5279986307748816,
      "avg_precision": 0.5524130940018791,
      "avg_recall": 0.5374610591900313,
      "avg_accuracy": 0.19003115264797507,
      "avg_bleu": 0.40284910705729
    },
    "3": {
      "count": 96,
      "avg_f1": 0.25990405467776156,
      "avg_precision": 0.28360615079365076,
      "avg_recall": 0.32283709443795766,
      "avg_accuracy": 0.11458333333333333,
      "avg_bleu": 0.18402290897219253
    },
    "1": {
      "count": 282,
      "avg_f1": 0.35768816364309625,
      "avg_precision": 0.3493180794776541,
      "avg_recall": 0.42325137373635485,
      "avg_accuracy": 0.03900709219858156,
      "avg_bleu": 0.2317504242112203
    },
    "4": {
      "count": 841,
      "avg_f1": 0.5708297855441358,
      "avg_precision": 0.6178510088141479,
      "avg_recall": 0.5862850089115819,
      "avg_accuracy": 0.3103448275862069,
      "avg_bleu": 0.44198356032933145
    }
  }
}