{
  "b_retrieval_latency": {
    "retrieval_latency_parse": {
      "mean": 0.0,
      "p50": 0.0,
      "p95": 0.0,
      "max": 0.0,
      "min": 0.0
    },
    "retrieval_latency_filter": {
      "mean": 0.0,
      "p50": 0.0,
      "p95": 0.0,
      "max": 0.0,
      "min": 0.0
    },
    "retrieval_latency_store_init": {
      "mean": 0.0,
      "p50": 0.0,
      "p95": 0.0,
      "max": 0.0,
      "min": 0.0
    },
    "retrieval_latency_query_vector": {
      "mean": 7.38860047482825e-06,
      "p50": 6.9944653660058975e-06,
      "p95": 9.878817945718765e-06,
      "max": 5.746586248278618e-05,
      "min": 3.37907113134861e-06
    },
    "retrieval_latency_block_vector_fetch": {
      "mean": 0.00046192011886651255,
      "p50": 0.00045867450535297394,
      "p95": 0.0006727472180500626,
      "max": 0.0014127078466117382,
      "min": 0.00017940602265298367
    },
    "retrieval_latency_cosine": {
      "mean": 0.09796762980290918,
      "p50": 0.09805567725561559,
      "p95": 0.13814571751281618,
      "max": 0.18144926941022277,
      "min": 0.038850612472742796
    },
    "retrieval_latency_sort": {
      "mean": 6.12433901504166e-05,
      "p50": 5.992606747895479e-05,
      "p95": 9.477767162024975e-05,
      "max": 0.00013986695557832718,
      "min": 1.8535880371928215e-05
    },
    "retrieval_latency_flush": {
      "mean": 2.648917105435938e-06,
      "p50": 2.489890903234482e-06,
      "p95": 3.3753807656466956e-06,
      "max": 3.128289245069027e-05,
      "min": 1.3331882655620575e-06
    },
    "retrieval_latency_rank_total": {
      "mean": 0.10044840887104246,
      "p50": 0.10053285653702915,
      "p95": 0.14155797978164628,
      "max": 0.18727655382826924,
      "min": 0.03992853406816721
    },
    "retrieval_latency_search_no_parse": {
      "mean": 0.10044840887104246,
      "p50": 0.10053285653702915,
      "p95": 0.14155797978164628,
      "max": 0.18727655382826924,
      "min": 0.03992853406816721
    },
    "retrieval_latency_total_with_parse": {
      "mean": 0.10044840887104246,
      "p50": 0.10053285653702915,
      "p95": 0.14155797978164628,
      "max": 0.18727655382826924,
      "min": 0.03992853406816721
    },
    "parse_source_distribution": {
      "NONE": 1540
    },
    "time_constraint_distribution": {
      "NONE": 1540
    },
    "time_axis_distribution": {
      "NONE": 1540
    },
    "fallback_count": 0,
    "filtered_pool_size": {
      "mean": 93.36298701298702,
      "p50": 93.0,
      "p95": 127.0
    },
    "initial_pool_size": {
      "mean": 93.36298701298702
    }
  },
  "btf_retrieval_latency": {
    "retrieval_latency_parse": {
      "mean": 1.11594478935094,
      "p50": 1.2726712375879288,
      "p95": 1.9533438104554077,
      "max": 7.425285286037251,
      "min": 0.00022644083946943283
    },
    "retrieval_latency_filter": {
      "mean": 0.001802238778592172,
      "p50": 0.0013272189535200596,
      "p95": 0.0026457432075403624,
      "max": 0.32779073901474476,
      "min": 0.0005830039735883474
    },
    "retrieval_latency_store_init": {
      "mean": 0.0,
      "p50": 0.0,
      "p95": 0.0,
      "max": 0.0,
      "min": 0.0
    },
    "retrieval_latency_query_vector": {
      "mean": 1.1409243248257932e-05,
      "p50": 1.0295538231730461e-05,
      "p95": 1.3301067519932986e-05,
      "max": 0.000893451040610671,
      "min": 4.834961146116257e-06
    },
    "retrieval_latency_block_vector_fetch": {
      "mean": 0.0005488126245387769,
      "p50": 0.0005589002976194024,
      "p95": 0.0008180330623872578,
      "max": 0.020214470801874995,
      "min": 3.5010743886232376e-06
    },
    "retrieval_latency_cosine": {
      "mean": 0.09788883759628061,
      "p50": 0.10238422348629683,
      "p95": 0.14496339532779529,
      "max": 0.27825470361858606,
      "min": 0.0009165541268885136
    },
    "retrieval_latency_sort": {
      "mean": 7.371237643619443e-05,
      "p50": 7.477588951587677e-05,
      "p95": 0.00011398360366001723,
      "max": 0.00028283498249948025,
      "min": 6.61797821521759e-06
    },
    "retrieval_latency_flush": {
      "mean": 2.9181731961570776e-06,
      "p50": 2.6552006602287292e-06,
      "p95": 3.904115874320268e-06,
      "max": 6.64291437715292e-05,
      "min": 1.5399418771266937e-06
    },
    "retrieval_latency_rank_total": {
      "mean": 0.10113547734625927,
      "p50": 0.10560408898163587,
      "p95": 0.1492855142452754,
      "max": 0.2957965498790145,
      "min": 0.001191945979371667
    },
    "retrieval_latency_search_no_parse": {
      "mean": 0.10293771612485145,
      "p50": 0.10706311604008079,
      "p95": 0.15169892580015584,
      "max": 0.45079608308151364,
      "min": 0.002359634032472968
    },
    "retrieval_latency_total_with_parse": {
      "mean": 1.2188825054757915,
      "p50": 1.3811198634793982,
      "p95": 2.058589608594775,
      "max": 7.522968268254772,
      "min": 0.003146565053611994
    },
    "parse_source_distribution": {
      "LLM": 1192,
      "FAST": 348
    },
    "time_constraint_distribution": {
      "NONE": 1325,
      "RANGE": 90,
      "POINT": 118,
      "BEFORE": 6,
      "AFTER": 1
    },
    "time_axis_distribution": {
      "NONE": 1339,
      "EVENT": 32,
      "BOTH_UNION": 162,
      "SESSION": 7
    },
    "fallback_count": 35,
    "filtered_pool_size": {
      "mean": 87.21818181818182,
      "p50": 93.0,
      "p95": 127.0
    },
    "initial_pool_size": {
      "mean": 93.36298701298702
    }
  },
  "latency_summary": {
    "b": {
      "parse": 0.0,
      "filter": 0.0,
      "search_no_parse": 0.10044840887104246,
      "total_with_parse": 0.10044840887104246,
      "p50": 0.10053285653702915,
      "p95": 0.14155797978164628
    },
    "btf": {
      "parse": 1.11594478935094,
      "filter": 0.001802238778592172,
      "search_no_parse": 0.10293771612485145,
      "total_with_parse": 1.2188825054757915,
      "p50": 1.3811198634793982,
      "p95": 2.058589608594775
    }
  },
  "b_generation": {
    "generation_latency": {
      "mean": 1.2973055025940616,
      "p50": 1.0576628954149783,
      "p95": 1.9450568103813566,
      "max": 163.6672965970356
    },
    "context_tokens": {
      "mean": 1661.3876623376623,
      "p50": 1587.5,
      "p95": 2684.1499999999996,
      "max": 3600
    }
  },
  "b_tf_generation": {
    "generation_latency": {
      "mean": 1.2772999898805706,
      "p50": 1.130150105454959,
      "p95": 2.1858620043029076,
      "max": 24.228301406139508
    },
    "context_tokens": {
      "mean": 1649.4331168831168,
      "p50": 1579.0,
      "p95": 2687.05,
      "max": 3600
    }
  },
  "b_evidence_all": {
    "first_relevant_mrr": 0.6592254134029606,
    "complete_mrr": 0.5607702349869458,
    "hit_at_k": 0.8201298701298702,
    "recall_at_k": 0.7580370094077664,
    "total_queries": 1540,
    "queries_with_targets": 1532,
    "filter_time_constraint": null
  },
  "b_tf_evidence_all": {
    "first_relevant_mrr": 0.6525130548302884,
    "complete_mrr": 0.55313315926893,
    "hit_at_k": 0.8045454545454546,
    "recall_at_k": 0.7416096812963653,
    "total_queries": 1540,
    "queries_with_targets": 1532,
    "filter_time_constraint": null
  },
  "b_evidence_constrained": {
    "first_relevant_mrr": 0.0,
    "complete_mrr": 0.0,
    "hit_at_k": 0.0,
    "recall_at_k": 0.0,
    "total_queries": 0,
    "queries_with_targets": 0,
    "filter_time_constraint": null
  },
  "b_tf_evidence_constrained": {
    "first_relevant_mrr": 0.4944444444444444,
    "complete_mrr": 0.4633655394524959,
    "hit_at_k": 0.6057692307692307,
    "recall_at_k": 0.5853462157809984,
    "total_queries": 208,
    "queries_with_targets": 207,
    "filter_time_constraint": null
  },
  "b_evaluation": {
    "total_samples": 1540,
    "overall": {
      "avg_f1": 0.5140472792473838,
      "avg_precision": 0.5437788600288598,
      "avg_recall": 0.5418496458849671,
      "avg_accuracy": 0.23376623376623376,
      "avg_bleu": 0.3893963361113322
    },