{
  "b_retrieval_latency": {
    "retrieval_latency_parse": {
      "mean": 0.0,
      "p50": 0.0,
      "p95": 0.0,
      "max": 0.0,
      "min": 0.0
    },
    "retrieval_latency_filter": {
      "mean": 0.0,
      "p50": 0.0,
      "p95": 0.0,
      "max": 0.0,
      "min": 0.0
    },
    "retrieval_latency_store_init": {
      "mean": 0.0,
      "p50": 0.0,
      "p95": 0.0,
      "max": 0.0,
      "min": 0.0
    },
    "retrieval_latency_query_vector": {
      "mean": 8.106681324735091e-06,
      "p50": 7.770489901304245e-06,
      "p95": 1.0737462434917687e-05,
      "max": 6.784498691558838e-05,
      "min": 3.898981958627701e-06
    },
    "retrieval_latency_block_vector_fetch": {
      "mean": 0.000499462700666642,
      "p50": 0.0004968519788235426,
      "p95": 0.0007337775663472712,
      "max": 0.0027760593220591545,
      "min": 0.00018270546570420265
    },
    "retrieval_latency_cosine": {
      "mean": 0.10188639171590859,
      "p50": 0.10175005753990263,
      "p95": 0.1429485218366608,
      "max": 0.25938261835835874,
      "min": 0.03689545928500593
    },
    "retrieval_latency_sort": {
      "mean": 6.348856531277105e-05,
      "p50": 6.0900114476680756e-05,
      "p95": 9.496040875092146e-05,
      "max": 0.00046043191105127335,
      "min": 2.285814844071865e-05
    },
    "retrieval_latency_flush": {
      "mean": 2.575172685909194e-06,
      "p50": 2.4695182219147682e-06,
      "p95": 3.2980460673570633e-06,
      "max": 3.291992470622063e-05,
      "min": 1.159030944108963e-06
    },
    "retrieval_latency_rank_total": {
      "mean": 0.10459704441547563,
      "p50": 0.1044659250183031,
      "p95": 0.1467284114100039,
      "max": 0.2653857658151537,
      "min": 0.038071515038609505
    },
    "retrieval_latency_search_no_parse": {
      "mean": 0.10459704441547563,
      "p50": 0.1044659250183031,
      "p95": 0.1467284114100039,
      "max": 0.2653857658151537,
      "min": 0.038071515038609505
    },
    "retrieval_latency_total_with_parse": {
      "mean": 0.10459704441547563,
      "p50": 0.1044659250183031,
      "p95": 0.1467284114100039,
      "max": 0.2653857658151537,
      "min": 0.038071515038609505
    },
    "parse_source_distribution": {
      "NONE": 1540
    },
    "time_constraint_distribution": {
      "NONE": 1540
    },
    "time_axis_distribution": {
      "NONE": 1540
    },
    "fallback_count": 0,
    "filtered_pool_size": {
      "mean": 93.36298701298702,
      "p50": 93.0,
      "p95": 127.0
    },
    "initial_pool_size": {
      "mean": 93.36298701298702
    }
  },
  "btf_retrieval_latency": {
    "retrieval_latency_parse": {
      "mean": 1.0033914108647264,
      "p50": 1.1226382254390046,
      "p95": 1.830657049233559,
      "max": 7.2965763891115785,
      "min": 0.0002772039733827114
    },
    "retrieval_latency_filter": {
      "mean": 0.0017252008394374476,
      "p50": 0.001404979033395648,
      "p95": 0.0028048836393281817,
      "max": 0.0733523468952626,
      "min": 0.000662968959659338
    },
    "retrieval_latency_store_init": {
      "mean": 0.0,
      "p50": 0.0,
      "p95": 0.0,
      "max": 0.0,
      "min": 0.0
    },
    "retrieval_latency_query_vector": {
      "mean": 0.7802937282445876,
      "p50": 0.6430820209207013,
      "p95": 0.9946670296252703,
      "max": 79.13592432788573,
      "min": 2.6709865778684616e-05
    },
    "retrieval_latency_block_vector_fetch": {
      "mean": 0.0005795017042040051,
      "p50": 0.0005915365181863308,
      "p95": 0.000897091452497989,
      "max": 0.00952968094497919,
      "min": 4.943925887346268e-06
    },
    "retrieval_latency_cosine": {
      "mean": 0.10136687824617491,
      "p50": 0.10538288729730994,
      "p95": 0.14926534075057135,
      "max": 0.30044385278597474,
      "min": 0.0013986569829285145
    },
    "retrieval_latency_sort": {
      "mean": 7.049084033260679e-05,
      "p50": 6.908515933901072e-05,
      "p95": 0.00010981395607814192,
      "max": 0.0008758539333939552,
      "min": 7.278984412550926e-06
    },
    "retrieval_latency_flush": {
      "mean": 1.3399633716803963,
      "p50": 1.3398191028973088,
      "p95": 1.8885992604307829,
      "max": 2.5000353038776666,
      "min": 2.780929207801819e-06
    },
    "retrieval_latency_rank_total": {
      "mean": 2.22566461283895,
      "p50": 2.115642214077525,
      "p95": 2.7673916320549323,
      "max": 80.74828004115261,
      "min": 0.1317320028319955
    },
    "retrieval_latency_search_no_parse": {
      "mean": 2.2273898136783874,
      "p50": 2.117121480521746,
      "p95": 2.7686722096754237,
      "max": 80.75014331517741,
      "min": 0.13424820196814835
    },
    "retrieval_latency_total_with_parse": {
      "mean": 3.230781224543114,
      "p50": 3.189098986564204,
      "p95": 4.263929424306843,
      "max": 80.75133334216662,
      "min": 0.1347925290465355
    },
    "parse_source_distribution": {
      "LLM": 1192,
      "FAST": 348
    },
    "time_constraint_distribution": {
      "NONE": 1324,
      "RANGE": 90,
      "POINT": 119,
      "BEFORE": 6,
      "AFTER": 1
    },
    "time_axis_distribution": {
      "NONE": 1338,
      "EVENT": 32,
      "BOTH_UNION": 163,
      "SESSION": 7
    },
    "fallback_count": 38,
    "filtered_pool_size": {
      "mean": 87.32727272727273,
      "p50": 93.0,
      "p95": 127.0
    },
    "initial_pool_size": {
      "mean": 93.36298701298702
    }
  },
  "latency_summary": {
    "b": {
      "parse": 0.0,
      "filter": 0.0,
      "search_no_parse": 0.10459704441547563,
      "total_with_parse": 0.10459704441547563,
      "p50": 0.1044659250183031,
      "p95": 0.1467284114100039
    },
    "btf": {
      "parse": 1.0033914108647264,
      "filter": 0.0017252008394374476,
      "search_no_parse": 2.2273898136783874,
      "total_with_parse": 3.230781224543114,
      "p50": 3.189098986564204,
      "p95": 4.263929424306843
    }
  },
  "b_generation": {
    "generation_latency": {
      "mean": 1.0006654121885803,
      "p50": 0.9590735165402293,
      "p95": 1.3918368112179451,
      "max": 6.060836938908324
    },
    "context_tokens": {
      "mean": 1661.3876623376623,
      "p50": 1587.5,
      "p95": 2684.1499999999996,
      "max": 3600
    }
  },
  "b_tf_generation": {
    "generation_latency": {
      "mean": 1.04232548007034,
      "p50": 0.9866207664599642,
      "p95": 1.4786849476397037,
      "max": 11.129302483983338
    },
    "context_tokens": {
      "mean": 1644.412987012987,
      "p50": 1581.5,
      "p95": 2688.0,
      "max": 3600
    }
  },
  "b_evidence_all": {
    "first_relevant_mrr": 0.6592254134029606,
    "complete_mrr": 0.5607702349869458,
    "hit_at_k": 0.8201298701298702,
    "recall_at_k": 0.7580370094077664,
    "total_queries": 1540,
    "queries_with_targets": 1532,
    "filter_time_constraint": null
  },
  "b_tf_evidence_all": {
    "first_relevant_mrr": 0.6066362053959976,
    "complete_mrr": 0.5113794604003487,
    "hit_at_k": 0.7707792207792208,
    "recall_at_k": 0.7064649902606821,
    "total_queries": 1540,
    "queries_with_targets": 1532,
    "filter_time_constraint": null
  },
  "b_evidence_POINT+RANGE": {
    "first_relevant_mrr": 0.5459134615384614,
    "complete_mrr": 0.5217948717948718,
    "hit_at_k": 0.722488038277512,
    "recall_at_k": 0.7083333333333334,
    "total_queries": 209,
    "queries_with_targets": 208
  },
  "b_tf_evidence_POINT+RANGE": {
    "first_relevant_mrr": 0.5102564102564102,
    "complete_mrr": 0.48205128205128206,
    "hit_at_k": 0.6267942583732058,
    "recall_at_k": 0.6041666666666667,
    "total_queries": 209,
    "queries_with_targets": 208
  },
  "b_evidence_any_temporal": {
    "first_relevant_mrr": 0.5373643410852713,
    "complete_mrr": 0.514031007751938,
    "hit_at_k": 0.7222222222222222,
    "recall_at_k": 0.7085271317829457,
    "total_queries": 216,
    "queries_with_targets": 215
  },
  "b_tf_evidence_any_temporal": {
    "first_relevant_mrr": 0.5050387596899225,