{
  "total_samples": 1540,
  "overall": {
    "avg_f1": 0.5045953465501415,
    "avg_precision": 0.5351049611763895,
    "avg_recall": 0.5311702588468842,
    "avg_accuracy": 0.22402597402597402,
    "avg_bleu": 0.3806748157883779
  },
  "by_category": {
    "2": {
      "count": 321,
      "avg_f1": 0.5286889581007229,
      "avg_precision": 0.5523982594076051,
      "avg_recall": 0.5392263759086189,
      "avg_accuracy": 0.19314641744548286,
      "avg_bleu": 0.4034408114721571
    },
    "3": {
      "count": 96,
      "avg_f1": 0.2656406333130471,
      "avg_precision": 0.290203373015873,
      "avg_recall": 0.3337478322508694,
      "avg_accuracy": 0.11458333333333333,
      "avg_bleu": 0.17789491937527524
    },
    "1": {
      "count": 282,
      "avg_f1": 0.3593224270874347,
      "avg_precision": 0.35225618222072125,
      "avg_recall": 0.42123117171615293,
      "avg_accuracy": 0.0425531914893617,
      "avg_bleu": 0.2332969123981313
    },
    "4": {
      "count": 841,
      "avg_f1": 0.5713879344829718,
      "avg_precision": 0.617771738104675,
      "avg_recall": 0.5874953027794261,
      "avg_accuracy": 0.3091557669441142,
      "avg_bleu": 0.4445506233950534
    }
  }
}