{
  "total_samples": 1540,
  "overall": {
    "avg_f1": 0.5150111480309483,
    "avg_precision": 0.5455178056070908,
    "avg_recall": 0.5418824831305371,
    "avg_accuracy": 0.2318181818181818,
    "avg_bleu": 0.39006259232840756
  },
  "by_category": {
    "2": {
      "count": 321,
      "avg_f1": 0.5287864376374548,
      "avg_precision": 0.5540053404539385,
      "avg_recall": 0.5378245067497405,
      "avg_accuracy": 0.19626168224299065,
      "avg_bleu": 0.4055830875672296
    },
    "3": {
      "count": 96,
      "avg_f1": 0.25870967075708456,
      "avg_precision": 0.283953373015873,
      "avg_recall": 0.3181228322508694,
      "avg_accuracy": 0.11458333333333333,
      "avg_bleu": 0.1826477429067828
    },
    "1": {
      "count": 282,
      "avg_f1": 0.37023544868074754,
      "avg_precision": 0.36060100754249697,
      "avg_recall": 0.4349680849211513,
      "avg_accuracy": 0.04964539007092199,
      "avg_bleu": 0.2437900371527306
    },
    "4": {
      "count": 841,
      "avg_f1": 0.5875555250480253,
      "avg_precision": 0.6341411396108184,
      "avg_recall": 0.6048235023906221,
      "avg_accuracy": 0.31985731272294887,
      "avg_bleu": 0.4568623629970806
    }
  }
}