{
  "b_retrieval_latency": {
    "retrieval_latency_parse": {
      "mean": 0.0,
      "p50": 0.0,
      "p95": 0.0,
      "max": 0.0,
      "min": 0.0
    },
    "retrieval_latency_filter": {
      "mean": 0.0,
      "p50": 0.0,
      "p95": 0.0,
      "max": 0.0,
      "min": 0.0
    },
    "retrieval_latency_rank": {
      "mean": 0.2646255582353318,
      "p50": 0.2651555495103821,
      "p95": 0.34801021550083533,
      "max": 0.41436372394673526,
      "min": 0.10575659689493477
    },
    "retrieval_latency_total_with_parse": {
      "mean": 0.2646255582353318,
      "p50": 0.2651555495103821,
      "p95": 0.34801021550083533,
      "max": 0.41436372394673526,
      "min": 0.10575659689493477
    },
    "retrieval_latency_core_no_parse": {
      "mean": 0.2646255582353318,
      "p50": 0.2651555495103821,
      "p95": 0.34801021550083533,
      "max": 0.41436372394673526,
      "min": 0.10575659689493477
    },
    "parse_source_distribution": {
      "NONE": 1540
    },
    "time_constraint_distribution": {
      "NONE": 1540
    },
    "fallback_count": 0,
    "filtered_pool_size": {
      "mean": 93.36298701298702,
      "p50": 93.0,
      "p95": 127.0
    },
    "initial_pool_size": {
      "mean": 93.36298701298702
    }
  },
  "btf_retrieval_latency": {
    "retrieval_latency_parse": {
      "mean": 1.034690789549533,
      "p50": 1.2041412915568799,
      "p95": 1.790408341877628,
      "max": 7.288278297055513,
      "min": 0.0002925440203398466
    },
    "retrieval_latency_filter": {
      "mean": 0.0017084889874382355,
      "p50": 0.0013950744178146124,
      "p95": 0.0029626281931996344,
      "max": 0.02637806790880859,
      "min": 0.0006433299276977777
    },
    "retrieval_latency_rank": {
      "mean": 0.272171792448589,
      "p50": 0.27251989592332393,
      "p95": 0.3734909970778972,
      "max": 0.6347651861142367,
      "min": 0.11773357493802905
    },
    "retrieval_latency_total_with_parse": {
      "mean": 1.3085710709855602,
      "p50": 1.4902881104499102,
      "p95": 2.0622094898484646,
      "max": 7.496632189955562,
      "min": 0.12619833904318511
    },
    "retrieval_latency_core_no_parse": {
      "mean": 0.2738802814360273,
      "p50": 0.2738038069801405,
      "p95": 0.37503249308792874,
      "max": 0.6361845652572811,
      "min": 0.11882214387878776
    },
    "parse_source_distribution": {
      "LLM": 1192,
      "FAST": 348
    },
    "time_constraint_distribution": {
      "NONE": 1324,
      "RANGE": 90,
      "POINT": 119,
      "BEFORE": 6,
      "AFTER": 1
    },
    "fallback_count": 32,
    "filtered_pool_size": {
      "mean": 86.97337662337662,
      "p50": 93.0,
      "p95": 127.0
    },
    "initial_pool_size": {
      "mean": 93.36298701298702
    }
  },
  "latency_summary": {
    "b": {
      "parse": 0,
      "filter": 0,
      "rank": 0.2646255582353318,
      "core_no_parse": 0.2646255582353318,
      "total_with_parse": 0.2646255582353318,
      "p50": 0.2651555495103821,
      "p95": 0.34801021550083533
    },
    "btf": {
      "parse": 1.034690789549533,
      "filter": 0.0017084889874382355,
      "rank": 0.272171792448589,
      "core_no_parse": 0.2738802814360273,
      "total_with_parse": 1.3085710709855602,
      "p50": 1.4902881104499102,
      "p95": 2.0622094898484646
    }
  },
  "b_generation": {
    "generation_latency": {
      "mean": 1.071939590272143,
      "p50": 1.0140611245296896,
      "p95": 1.4909896002849563,
      "max": 10.972704468062147
    },
    "context_tokens": {
      "mean": 1661.3876623376623,
      "p50": 1587.5,
      "p95": 2684.1499999999996,
      "max": 3600
    }
  },
  "b_tf_generation": {
    "generation_latency": {
      "mean": 1.033799042742905,
      "p50": 0.9744561389088631,
      "p95": 1.5000577746657653,
      "max": 5.467251661000773
    },
    "context_tokens": {
      "mean": 1648.3577922077923,
      "p50": 1579.0,
      "p95": 2687.05,
      "max": 3600
    }
  },
  "b_evidence": {
    "c_mrr": 0.6592254134029606,
    "hit_at_k": 0.8201298701298702,
    "recall_at_k": 0.7580370094077664,
    "total_queries": 1540,
    "queries_with_targets": 1532
  },
  "b_tf_evidence": {
    "c_mrr": 0.6548302872062676,
    "hit_at_k": 0.8051948051948052,
    "recall_at_k": 0.7425887935679057,
    "total_queries": 1540,
    "queries_with_targets": 1532
  },
  "b_evaluation": {
    "total_samples": 1540,
    "overall": {
      "avg_f1": 0.5150111480309483,
      "avg_precision": 0.5455178056070908,
      "avg_recall": 0.5418824831305371,
      "avg_accuracy": 0.2318181818181818,
      "avg_bleu": 0.39006259232840756
    },
    "by_category": {
      "2": {
        "count": 321,
        "avg_f1": 0.5287864376374548,
        "avg_precision": 0.5540053404539385,
        "avg_recall": 0.5378245067497405,
        "avg_accuracy": 0.19626168224299065,
        "avg_bleu": 0.4055830875672296
      },
      "3": {
        "count": 96,
        "avg_f1": 0.25870967075708456,
        "avg_precision": 0.283953373015873,
        "avg_recall": 0.3181228322508694,
        "avg_accuracy": 0.11458333333333333,
        "avg_bleu": 0.1826477429067828
      },
      "1": {
        "count": 282,
        "avg_f1": 0.37023544868074754,
        "avg_precision": 0.36060100754249697,
        "avg_recall": 0.4349680849211513,
        "avg_accuracy": 0.04964539007092199,
        "avg_bleu": 0.2437900371527306
      },
      "4": {
        "count": 841,
        "avg_f1": 0.5875555250480253,
        "avg_precision": 0.6341411396108184,
        "avg_recall": 0.6048235023906221,
        "avg_accuracy": 0.31985731272294887,
        "avg_bleu": 0.4568623629970806
      }
    }
  },
  "b_tf_evaluation": {
    "total_samples": 1540,
    "overall": {
      "avg_f1": 0.5045953465501415,
      "avg_precision": 0.5351049611763895,
      "avg_recall": 0.5311702588468842,
      "avg_accuracy": 0.22402597402597402,
      "avg_bleu": 0.3806748157883779
    },
    "by_category": {
      "2": {
        "count": 321,
        "avg_f1": 0.5286889581007229,
        "avg_precision": 0.5523982594076051,
        "avg_recall": 0.5392263759086189,
        "avg_accuracy": 0.19314641744548286,
        "avg_bleu": 0.4034408114721571
      },
      "3": {
        "count": 96,
        "avg_f1": 0.2656406333130471,
        "avg_precision": 0.290203373015873,
        "avg_recall": 0.3337478322508694,
        "avg_accuracy": 0.11458333333333333,
        "avg_bleu": 0.17789491937527524
      },
      "1": {
        "count": 282,
        "avg_f1": 0.3593224270874347,
        "avg_precision": 0.35225618222072125,
        "avg_recall": 0.42123117171615293,
        "avg_accuracy": 0.0425531914893617,
        "avg_bleu": 0.2332969123981313
      },
      "4": {
        "count": 841,
        "avg_f1": 0.5713879344829718,
        "avg_precision": 0.617771738104675,
        "avg_recall": 0.5874953027794261,
        "avg_accuracy": 0.3091557669441142,
        "avg_bleu": 0.4445506233950534
      }
    }
  }
}